{"R2": 0.8437860012054443, "RMSE": 34615.20703125, "MAE": 23907.021484375}