{"R2": 0.8393832445144653, "RMSE": 35099.61328125, "MAE": 23993.931640625}